date,cases,cases_ma7
2020-01-01,0,0.0
2020-01-02,797,398.5
2020-01-03,226,341.0
2020-01-04,0,255.75
2020-01-05,0,204.6
2020-01-06,1321,390.6666666666667
2020-01-07,0,334.85714285714283
2020-01-08,0,334.85714285714283
2020-01-09,1012,365.57142857142856
2020-01-10,0,333.2857142857143
2020-01-11,0,333.2857142857143
2020-01-12,0,333.2857142857143
2020-01-13,1193,315.0
2020-01-14,0,315.0
2020-01-15,0,315.0
2020-01-16,0,170.42857142857142
2020-01-17,1764,422.42857142857144
2020-01-18,1749,672.2857142857143
2020-01-19,803,787.0
2020-01-20,308,660.5714285714286
2020-01-21,589,744.7142857142857
2020-01-22,1192,915.0
2020-01-23,0,915.0
2020-01-24,940,797.2857142857143
2020-01-25,0,547.4285714285714
2020-01-26,0,432.7142857142857
2020-01-27,725,492.2857142857143
2020-01-28,0,408.14285714285717
2020-01-29,0,237.85714285714286
2020-01-30,0,237.85714285714286
2020-01-31,0,103.57142857142857
2020-02-01,0,103.57142857142857
2020-02-02,0,103.57142857142857
2020-02-03,0,0.0
2020-02-04,741,105.85714285714286
2020-02-05,0,105.85714285714286
2020-02-06,2,106.14285714285714
2020-02-07,550,184.71428571428572
2020-02-08,0,184.71428571428572
2020-02-09,226,217.0
2020-02-10,0,217.0
2020-02-11,0,111.14285714285714
2020-02-12,0,111.14285714285714
2020-02-13,459,176.42857142857142
2020-02-14,270,136.42857142857142
2020-02-15,0,136.42857142857142
2020-02-16,1913,377.42857142857144
2020-02-17,330,424.57142857142856
2020-02-18,782,536.2857142857143
2020-02-19,1790,792.0
2020-02-20,0,726.4285714285714
2020-02-21,0,687.8571428571429
2020-02-22,1394,887.0
2020-02-23,0,613.7142857142857
2020-02-24,23,569.8571428571429
2020-02-25,855,580.2857142857143
2020-02-26,712,426.2857142857143
2020-02-27,1403,626.7142857142857
2020-02-28,1196,797.5714285714286
2020-02-29,855,720.5714285714286
2020-03-01,0,720.5714285714286
2020-03-02,635,808.0
2020-03-03,251,721.7142857142857
2020-03-04,0,620.0
2020-03-05,1133,581.4285714285714
2020-03-06,645,502.7142857142857
2020-03-07,36,385.7142857142857
2020-03-08,0,385.7142857142857
2020-03-09,0,295.0
2020-03-10,159,281.85714285714283
2020-03-11,374,335.2857142857143
2020-03-12,0,173.42857142857142
2020-03-13,929,214.0
2020-03-14,0,208.85714285714286
2020-03-15,0,208.85714285714286
2020-03-16,831,327.57142857142856
2020-03-17,0,304.85714285714283
2020-03-18,0,251.42857142857142
2020-03-19,0,251.42857142857142
2020-03-20,0,118.71428571428571
2020-03-21,1004,262.14285714285717
2020-03-22,0,262.14285714285717
2020-03-23,1328,333.14285714285717
2020-03-24,645,425.2857142857143
2020-03-25,0,425.2857142857143
2020-03-26,0,425.2857142857143
2020-03-27,0,425.2857142857143
2020-03-28,0,281.85714285714283
2020-03-29,1669,520.2857142857143
2020-03-30,131,349.2857142857143
2020-03-31,920,388.57142857142856
2020-04-01,0,388.57142857142856
2020-04-02,144,409.14285714285717
2020-04-03,942,543.7142857142857
2020-04-04,0,543.7142857142857
2020-04-05,824,423.0
2020-04-06,0,404.2857142857143
2020-04-07,0,272.85714285714283
2020-04-08,303,316.14285714285717
2020-04-09,0,295.57142857142856
2020-04-10,513,234.28571428571428
2020-04-11,0,234.28571428571428
2020-04-12,569,197.85714285714286
2020-04-13,2078,494.7142857142857
2020-04-14,0,494.7142857142857
2020-04-15,27,455.2857142857143
2020-04-16,143,475.7142857142857
2020-04-17,0,402.42857142857144
2020-04-18,340,451.0
2020-04-19,0,369.7142857142857
2020-04-20,0,72.85714285714286
2020-04-21,994,214.85714285714286
2020-04-22,0,211.0
2020-04-23,401,247.85714285714286
2020-04-24,810,363.57142857142856
2020-04-25,223,346.85714285714283
2020-04-26,0,346.85714285714283
2020-04-27,0,346.85714285714283
2020-04-28,1567,428.7142857142857
2020-04-29,0,428.7142857142857
2020-04-30,0,371.42857142857144
2020-05-01,0,255.71428571428572
2020-05-02,96,237.57142857142858
2020-05-03,598,323.0
2020-05-04,1287,506.85714285714283
2020-05-05,0,283.0
2020-05-06,650,375.85714285714283
2020-05-07,399,432.85714285714283
2020-05-08,379,487.0
2020-05-09,0,473.2857142857143
2020-05-10,0,387.85714285714283
2020-05-11,0,204.0
2020-05-12,0,204.0
2020-05-13,257,147.85714285714286
2020-05-14,609,177.85714285714286
2020-05-15,259,160.71428571428572
2020-05-16,0,160.71428571428572
2020-05-17,1445,367.14285714285717
2020-05-18,1215,540.7142857142857
2020-05-19,0,540.7142857142857
2020-05-20,0,504.0
2020-05-21,104,431.85714285714283
2020-05-22,1014,539.7142857142857
2020-05-23,266,577.7142857142857
2020-05-24,446,435.0
2020-05-25,0,261.42857142857144
2020-05-26,365,313.57142857142856
2020-05-27,1236,490.14285714285717
2020-05-28,0,475.2857142857143
2020-05-29,115,346.85714285714283
2020-05-30,204,338.0
2020-05-31,228,306.85714285714283
2020-06-01,0,306.85714285714283
2020-06-02,0,254.71428571428572
2020-06-03,0,78.14285714285714
2020-06-04,136,97.57142857142857
2020-06-05,445,144.71428571428572
2020-06-06,0,115.57142857142857
2020-06-07,1104,240.71428571428572
2020-06-08,0,240.71428571428572
2020-06-09,19,243.42857142857142
2020-06-10,0,243.42857142857142
2020-06-11,110,239.71428571428572
2020-06-12,567,257.14285714285717
2020-06-13,536,333.7142857142857
2020-06-14,0,176.0
2020-06-15,1223,350.7142857142857
2020-06-16,0,348.0
2020-06-17,69,357.85714285714283
2020-06-18,0,342.14285714285717
2020-06-19,0,261.14285714285717
2020-06-20,0,184.57142857142858
2020-06-21,0,184.57142857142858
2020-06-22,67,19.428571428571427
2020-06-23,331,66.71428571428571
2020-06-24,1187,226.42857142857142
2020-06-25,256,263.0
2020-06-26,0,263.0
2020-06-27,0,263.0
2020-06-28,125,280.85714285714283
2020-06-29,89,284.0
2020-06-30,1183,405.7142857142857
2020-07-01,1133,398.0
2020-07-02,0,361.42857142857144
2020-07-03,0,361.42857142857144
2020-07-04,0,361.42857142857144
2020-07-05,0,343.57142857142856
2020-07-06,0,330.85714285714283
2020-07-07,0,161.85714285714286
2020-07-08,341,48.714285714285715
2020-07-09,172,73.28571428571429
2020-07-10,8,74.42857142857143
2020-07-11,194,102.14285714285714
2020-07-12,0,102.14285714285714
2020-07-13,198,130.42857142857142
2020-07-14,0,130.42857142857142
2020-07-15,0,81.71428571428571
2020-07-16,0,57.142857142857146
2020-07-17,0,56.0
2020-07-18,0,28.285714285714285
2020-07-19,623,117.28571428571429
2020-07-20,0,89.0
2020-07-21,1829,350.2857142857143
2020-07-22,624,439.42857142857144
2020-07-23,73,449.85714285714283
2020-07-24,0,449.85714285714283
2020-07-25,20,452.7142857142857
2020-07-26,0,363.7142857142857
2020-07-27,25,367.2857142857143
2020-07-28,331,153.28571428571428
2020-07-29,579,146.85714285714286
2020-07-30,586,220.14285714285714
2020-07-31,0,220.14285714285714
2020-08-01,0,217.28571428571428
2020-08-02,0,217.28571428571428
2020-08-03,1447,420.42857142857144
2020-08-04,883,499.2857142857143
2020-08-05,473,484.14285714285717
2020-08-06,0,400.42857142857144
2020-08-07,202,429.2857142857143
2020-08-08,0,429.2857142857143
2020-08-09,0,429.2857142857143
2020-08-10,41,228.42857142857142
2020-08-11,0,102.28571428571429
2020-08-12,1031,182.0
2020-08-13,0,182.0
2020-08-14,0,153.14285714285714
2020-08-15,0,153.14285714285714
2020-08-16,0,153.14285714285714
2020-08-17,451,211.71428571428572
2020-08-18,0,211.71428571428572
2020-08-19,996,206.71428571428572
2020-08-20,217,237.71428571428572
2020-08-21,492,308.0
2020-08-22,719,410.7142857142857
2020-08-23,138,430.42857142857144
2020-08-24,1338,557.1428571428571
2020-08-25,384,612.0
2020-08-26,1043,618.7142857142857
2020-08-27,438,650.2857142857143
2020-08-28,861,703.0
2020-08-29,885,726.7142857142857
2020-08-30,895,834.8571428571429
2020-08-31,0,643.7142857142857
2020-09-01,1115,748.1428571428571
2020-09-02,550,677.7142857142857
2020-09-03,1349,807.8571428571429
2020-09-04,0,684.8571428571429
2020-09-05,0,558.4285714285714
2020-09-06,1265,611.2857142857143
2020-09-07,2511,970.0
2020-09-08,1737,1058.857142857143
2020-09-09,573,1062.142857142857
2020-09-10,0,869.4285714285714
2020-09-11,1819,1129.2857142857142
2020-09-12,1216,1303.0
2020-09-13,1812,1381.142857142857
2020-09-14,1491,1235.4285714285713
2020-09-15,1485,1199.4285714285713
2020-09-16,3892,1673.5714285714287
2020-09-17,1587,1900.2857142857142
2020-09-18,1533,1859.4285714285713
2020-09-19,1635,1919.2857142857142
2020-09-20,1338,1851.5714285714287
2020-09-21,2673,2020.4285714285713
2020-09-22,1676,2047.7142857142858
2020-09-23,2548,1855.7142857142858
2020-09-24,2350,1964.7142857142858
2020-09-25,3183,2200.4285714285716
2020-09-26,2632,2342.8571428571427
2020-09-27,1416,2354.0
2020-09-28,1419,2174.8571428571427
2020-09-29,3702,2464.285714285714
2020-09-30,2187,2412.714285714286
2020-10-01,1719,2322.5714285714284
2020-10-02,2343,2202.5714285714284
2020-10-03,3997,2397.5714285714284
2020-10-04,1959,2475.1428571428573
2020-10-05,2514,2631.5714285714284
2020-10-06,2788,2501.0
2020-10-07,2438,2536.8571428571427
2020-10-08,2611,2664.285714285714
2020-10-09,2467,2682.0
2020-10-10,3438,2602.1428571428573
2020-10-11,3652,2844.0
2020-10-12,3521,2987.8571428571427
2020-10-13,2877,3000.5714285714284
2020-10-14,5339,3415.0
2020-10-15,3413,3529.5714285714284
2020-10-16,4840,3868.5714285714284
2020-10-17,3902,3934.8571428571427
2020-10-18,5443,4190.714285714285
2020-10-19,5823,4519.571428571428
2020-10-20,4508,4752.571428571428
2020-10-21,3825,4536.285714285715
2020-10-22,6078,4917.0
2020-10-23,7181,5251.428571428572
2020-10-24,6174,5576.0
2020-10-25,6134,5674.714285714285
2020-10-26,6827,5818.142857142857
2020-10-27,6951,6167.142857142857
2020-10-28,5845,6455.714285714285
2020-10-29,6153,6466.428571428572
2020-10-30,7343,6489.571428571428
2020-10-31,6914,6595.285714285715
2020-11-01,8260,6899.0
2020-11-02,6821,6898.142857142857
2020-11-03,8165,7071.571428571428
2020-11-04,8020,7382.285714285715
2020-11-05,7828,7621.571428571428
2020-11-06,9054,7866.0
2020-11-07,8842,8141.428571428572
2020-11-08,7680,8058.571428571428
2020-11-09,9182,8395.857142857143
2020-11-10,9957,8651.857142857143
2020-11-11,8941,8783.42857142857
2020-11-12,9034,8955.714285714286
2020-11-13,8886,8931.714285714286
2020-11-14,9599,9039.857142857143
2020-11-15,10348,9421.0
2020-11-16,9333,9442.57142857143
2020-11-17,9098,9319.857142857143
2020-11-18,10063,9480.142857142857
2020-11-19,9446,9539.0
2020-11-20,11155,9863.142857142857
2020-11-21,10581,10003.42857142857
2020-11-22,9702,9911.142857142857
2020-11-23,11011,10150.857142857143
2020-11-24,11318,10468.0
2020-11-25,12012,10746.42857142857
2020-11-26,11715,11070.57142857143
2020-11-27,13503,11406.0
2020-11-28,11769,11575.714285714286
2020-11-29,12307,11947.857142857143
2020-11-30,12445,12152.714285714286
2020-12-01,12470,12317.285714285714
2020-12-02,12976,12455.0
2020-12-03,13458,12704.0
2020-12-04,14258,12811.857142857143
2020-12-05,12088,12857.42857142857
2020-12-06,13089,12969.142857142857
2020-12-07,13291,13090.0
2020-12-08,14547,13386.714285714286
2020-12-09,13656,13483.857142857143
2020-12-10,12566,13356.42857142857
2020-12-11,14289,13360.857142857143
2020-12-12,14326,13680.57142857143
2020-12-13,14626,13900.142857142857
2020-12-14,13775,13969.285714285714
2020-12-15,16104,14191.714285714286
2020-12-16,14587,14324.714285714286
2020-12-17,14808,14645.0
2020-12-18,14347,14653.285714285714
2020-12-19,14427,14667.714285714286
2020-12-20,14293,14620.142857142857
2020-12-21,15051,14802.42857142857
2020-12-22,14690,14600.42857142857
2020-12-23,17187,14971.857142857143
2020-12-24,14112,14872.42857142857
2020-12-25,14797,14936.714285714286
2020-12-26,15450,15082.857142857143
2020-12-27,16376,15380.42857142857
2020-12-28,15568,15454.285714285714
2020-12-29,16497,15712.42857142857
2020-12-30,15219,15431.285714285714
2020-12-31,16104,15715.857142857143
2021-01-01,17494,16101.142857142857
2021-01-02,15363,16088.714285714286
2021-01-03,16506,16107.285714285714
2021-01-04,16365,16221.142857142857
2021-01-05,14422,15924.714285714286
2021-01-06,15772,16003.714285714286
2021-01-07,17163,16155.0
2021-01-08,16376,15995.285714285714
2021-01-09,15305,15987.0
2021-01-10,16829,16033.142857142857
2021-01-11,15891,15965.42857142857
2021-01-12,16556,16270.285714285714
2021-01-13,16559,16382.714285714286
2021-01-14,15349,16123.57142857143
2021-01-15,16858,16192.42857142857
2021-01-16,15398,16205.714285714286
2021-01-17,15135,15963.714285714286
2021-01-18,15445,15900.0
2021-01-19,15843,15798.142857142857
2021-01-20,16172,15742.857142857143
2021-01-21,15429,15754.285714285714
2021-01-22,16603,15717.857142857143
2021-01-23,16165,15827.42857142857
2021-01-24,15363,15860.0
2021-01-25,16583,16022.57142857143
2021-01-26,16751,16152.285714285714
2021-01-27,15691,16083.57142857143
2021-01-28,15545,16100.142857142857
2021-01-29,14243,15763.0
2021-01-30,15280,15636.57142857143
2021-01-31,15315,15629.714285714286
2021-02-01,15687,15501.714285714286
2021-02-02,15296,15293.857142857143
2021-02-03,15567,15276.142857142857
2021-02-04,16538,15418.0
2021-02-05,14827,15501.42857142857
2021-02-06,14797,15432.42857142857
2021-02-07,14083,15256.42857142857
2021-02-08,15063,15167.285714285714
2021-02-09,15792,15238.142857142857
2021-02-10,13551,14950.142857142857
2021-02-11,14361,14639.142857142857
2021-02-12,14866,14644.714285714286
2021-02-13,15462,14739.714285714286
2021-02-14,15034,14875.57142857143
2021-02-15,14936,14857.42857142857
2021-02-16,14446,14665.142857142857
2021-02-17,14962,14866.714285714286
2021-02-18,15342,15006.857142857143
2021-02-19,13120,14757.42857142857
2021-02-20,15028,14695.42857142857
2021-02-21,14328,14594.57142857143
2021-02-22,13947,14453.285714285714
2021-02-23,12383,14158.57142857143
2021-02-24,13204,13907.42857142857
2021-02-25,15640,13950.0
2021-02-26,13708,14034.0
2021-02-27,13371,13797.285714285714
2021-02-28,13858,13730.142857142857
2021-03-01,13615,13682.714285714286
2021-03-02,14302,13956.857142857143
2021-03-03,15412,14272.285714285714
2021-03-04,13729,13999.285714285714
2021-03-05,14326,14087.57142857143
2021-03-06,13293,14076.42857142857
2021-03-07,15440,14302.42857142857
2021-03-08,14393,14413.57142857143
2021-03-09,13398,14284.42857142857
2021-03-10,15013,14227.42857142857
2021-03-11,15281,14449.142857142857
2021-03-12,14486,14472.0
2021-03-13,13086,14442.42857142857
2021-03-14,15871,14504.0
2021-03-15,14742,14553.857142857143
2021-03-16,15485,14852.0
2021-03-17,14168,14731.285714285714
2021-03-18,14355,14599.0
2021-03-19,14832,14648.42857142857
2021-03-20,15710,15023.285714285714
2021-03-21,15013,14900.714285714286
2021-03-22,13978,14791.57142857143
2021-03-23,15283,14762.714285714286
2021-03-24,16471,15091.714285714286
2021-03-25,15320,15229.57142857143
2021-03-26,15475,15321.42857142857
2021-03-27,14470,15144.285714285714
2021-03-28,14472,15067.0
2021-03-29,15202,15241.857142857143
2021-03-30,15574,15283.42857142857
2021-03-31,16046,15222.714285714286
2021-04-01,16228,15352.42857142857
2021-04-02,17513,15643.57142857143
2021-04-03,16419,15922.0
2021-04-04,17369,16335.857142857143
2021-04-05,16635,16540.571428571428
2021-04-06,17979,16884.14285714286
2021-04-07,15480,16803.285714285714
2021-04-08,16659,16864.85714285714
2021-04-09,18089,16947.14285714286
2021-04-10,17334,17077.85714285714
2021-04-11,18388,17223.428571428572
2021-04-12,18126,17436.428571428572
2021-04-13,18754,17547.14285714286
2021-04-14,18669,18002.714285714286
2021-04-15,18903,18323.285714285714
2021-04-16,19746,18560.0
2021-04-17,19531,18873.85714285714
2021-04-18,19730,19065.571428571428
2021-04-19,19147,19211.428571428572
2021-04-20,18864,19227.14285714286
2021-04-21,19002,19274.714285714286
2021-04-22,20332,19478.85714285714
2021-04-23,17985,19227.285714285714
2021-04-24,19096,19165.14285714286
2021-04-25,19578,19143.428571428572
2021-04-26,20360,19316.714285714286
2021-04-27,18663,19288.0
2021-04-28,21986,19714.285714285714
2021-04-29,21672,19905.714285714286
2021-04-30,22993,20621.14285714286
2021-05-01,22468,21102.85714285714
2021-05-02,22657,21542.714285714286
2021-05-03,23848,22041.0
2021-05-04,21805,22489.85714285714
2021-05-05,21274,22388.14285714286
2021-05-06,22505,22507.14285714286
2021-05-07,22245,22400.285714285714
2021-05-08,22914,22464.0
2021-05-09,22492,22440.428571428572
2021-05-10,23999,22462.0
2021-05-11,24166,22799.285714285714
2021-05-12,23944,23180.714285714286
2021-05-13,24423,23454.714285714286
2021-05-14,24268,23743.714285714286
2021-05-15,25189,24068.714285714286
2021-05-16,24847,24405.14285714286
2021-05-17,24781,24516.85714285714
2021-05-18,25936,24769.714285714286
2021-05-19,26399,25120.428571428572
2021-05-20,26656,25439.428571428572
2021-05-21,24986,25542.0
2021-05-22,25541,25592.285714285714
2021-05-23,24794,25584.714285714286
2021-05-24,26149,25780.14285714286
2021-05-25,26854,25911.285714285714
2021-05-26,26592,25938.85714285714
2021-05-27,28418,26190.571428571428
2021-05-28,26719,26438.14285714286
2021-05-29,26340,26552.285714285714
2021-05-30,27829,26985.85714285714
2021-05-31,27654,27200.85714285714
2021-06-01,28129,27383.0
2021-06-02,28084,27596.14285714286
2021-06-03,28183,27562.571428571428
2021-06-04,26433,27521.714285714286
2021-06-05,27688,27714.285714285714
2021-06-06,27931,27728.85714285714
2021-06-07,28254,27814.571428571428
2021-06-08,28298,27838.714285714286
2021-06-09,29106,27984.714285714286
2021-06-10,29371,28154.428571428572
2021-06-11,28094,28391.714285714286
2021-06-12,29653,28672.428571428572
2021-06-13,29671,28921.0
2021-06-14,29669,29123.14285714286
2021-06-15,28250,29116.285714285714
2021-06-16,29820,29218.285714285714
2021-06-17,29611,29252.571428571428
2021-06-18,30385,29579.85714285714
2021-06-19,31110,29788.0
2021-06-20,31013,29979.714285714286
2021-06-21,29888,30011.0
2021-06-22,29845,30238.85714285714
2021-06-23,30395,30321.0
2021-06-24,29035,30238.714285714286
2021-06-25,28798,30012.0
2021-06-26,29606,29797.14285714286
2021-06-27,30980,29792.428571428572
2021-06-28,29752,29773.0
2021-06-29,31226,29970.285714285714
2021-06-30,27795,29598.85714285714
2021-07-01,28752,29558.428571428572
2021-07-02,29912,29717.571428571428
2021-07-03,30705,29874.571428571428
2021-07-04,29917,29722.714285714286
2021-07-05,29867,29739.14285714286
2021-07-06,29812,29537.14285714286
2021-07-07,28459,29632.0
2021-07-08,30749,29917.285714285714
2021-07-09,29224,29819.0
2021-07-10,30584,29801.714285714286
2021-07-11,29592,29755.285714285714
2021-07-12,30434,29836.285714285714
2021-07-13,29778,29831.428571428572
2021-07-14,29337,29956.85714285714
2021-07-15,29516,29780.714285714286
2021-07-16,28064,29615.0
2021-07-17,29150,29410.14285714286
2021-07-18,30414,29527.571428571428
2021-07-19,29979,29462.571428571428
2021-07-20,28030,29212.85714285714
2021-07-21,29102,29179.285714285714
2021-07-22,28771,29072.85714285714
2021-07-23,29096,29220.285714285714
2021-07-24,28383,29110.714285714286
2021-07-25,27980,28763.0
2021-07-26,29086,28635.428571428572
2021-07-27,28045,28637.571428571428
2021-07-28,28721,28583.14285714286
2021-07-29,28337,28521.14285714286
2021-07-30,27134,28240.85714285714
2021-07-31,27091,28056.285714285714
2021-08-01,28596,28144.285714285714
2021-08-02,27028,27850.285714285714
2021-08-03,26087,27570.571428571428
2021-08-04,25548,27117.285714285714
2021-08-05,27098,26940.285714285714
2021-08-06,26254,26814.571428571428
2021-08-07,25296,26558.14285714286
2021-08-08,26269,26225.714285714286
2021-08-09,25653,26029.285714285714
2021-08-10,23990,25729.714285714286
2021-08-11,25578,25734.0
2021-08-12,25961,25571.571428571428
2021-08-13,26725,25638.85714285714
2021-08-14,24486,25523.14285714286
2021-08-15,24422,25259.285714285714
2021-08-16,25296,25208.285714285714
2021-08-17,23919,25198.14285714286
2021-08-18,23774,24940.428571428572
2021-08-19,22818,24491.428571428572
2021-08-20,21973,23812.571428571428
2021-08-21,23583,23683.571428571428
2021-08-22,21596,23279.85714285714
2021-08-23,23288,22993.0
2021-08-24,21504,22648.0
2021-08-25,22104,22409.428571428572
2021-08-26,21350,22199.714285714286
2021-08-27,22342,22252.428571428572
2021-08-28,21397,21940.14285714286
2021-08-29,22477,22066.0
2021-08-30,19795,21567.0
2021-08-31,20744,21458.428571428572
2021-09-01,20202,21186.714285714286
2021-09-02,20139,21013.714285714286
2021-09-03,20942,20813.714285714286
2021-09-04,19884,20597.571428571428
2021-09-05,18248,19993.428571428572
2021-09-06,19343,19928.85714285714
2021-09-07,18334,19584.571428571428
2021-09-08,18039,19275.571428571428
2021-09-09,19006,19113.714285714286
2021-09-10,17439,18613.285714285714
2021-09-11,17370,18254.14285714286
2021-09-12,17453,18140.571428571428
2021-09-13,17939,17940.0
2021-09-14,17403,17807.0
2021-09-15,16507,17588.14285714286
2021-09-16,16235,17192.285714285714
2021-09-17,15285,16884.571428571428
2021-09-18,15366,16598.285714285714
2021-09-19,15214,16278.42857142857
2021-09-20,15383,15913.285714285714
2021-09-21,16858,15835.42857142857
2021-09-22,14497,15548.285714285714
2021-09-23,14572,15310.714285714286
2021-09-24,12939,14975.57142857143
2021-09-25,14837,14900.0
2021-09-26,12873,14565.57142857143
2021-09-27,13190,14252.285714285714
2021-09-28,14532,13920.0
2021-09-29,11799,13534.57142857143
2021-09-30,13349,13359.857142857143
2021-10-01,13704,13469.142857142857
2021-10-02,14078,13360.714285714286
2021-10-03,11919,13224.42857142857
2021-10-04,11957,13048.285714285714
2021-10-05,13703,12929.857142857143
2021-10-06,12047,12965.285714285714
2021-10-07,11289,12671.0
2021-10-08,11118,12301.57142857143
2021-10-09,10731,11823.42857142857
2021-10-10,10979,11689.142857142857
2021-10-11,12026,11699.0
2021-10-12,11695,11412.142857142857
2021-10-13,9878,11102.285714285714
2021-10-14,10826,11036.142857142857
2021-10-15,10173,10901.142857142857
2021-10-16,10966,10934.714285714286
2021-10-17,10064,10804.0
2021-10-18,10339,10563.0
2021-10-19,9772,10288.285714285714
2021-10-20,8011,10021.57142857143
2021-10-21,9664,9855.57142857143
2021-10-22,8480,9613.714285714286
2021-10-23,9970,9471.42857142857
2021-10-24,8707,9277.57142857143
2021-10-25,8651,9036.42857142857
2021-10-26,9016,8928.42857142857
2021-10-27,9379,9123.857142857143
2021-10-28,8678,8983.0
2021-10-29,10030,9204.42857142857
2021-10-30,9943,9200.57142857143
2021-10-31,9908,9372.142857142857
2021-11-01,8265,9317.0
2021-11-02,7188,9055.857142857143
2021-11-03,9276,9041.142857142857
2021-11-04,7898,8929.714285714286
2021-11-05,8198,8668.0
2021-11-06,8611,8477.714285714286
2021-11-07,6771,8029.571428571428
2021-11-08,9308,8178.571428571428
2021-11-09,8661,8389.0
2021-11-10,8203,8235.714285714286
2021-11-11,8600,8336.0
2021-11-12,8303,8351.0
2021-11-13,7927,8253.285714285714
2021-11-14,7567,8367.0
2021-11-15,7208,8067.0
2021-11-16,8019,7975.285714285715
2021-11-17,8074,7956.857142857143
2021-11-18,8652,7964.285714285715
2021-11-19,7951,7914.0
2021-11-20,7118,7798.428571428572
2021-11-21,6555,7653.857142857143
2021-11-22,7733,7728.857142857143
2021-11-23,7838,7703.0
2021-11-24,7811,7665.428571428572
2021-11-25,6699,7386.428571428572
2021-11-26,8822,7510.857142857143
2021-11-27,8865,7760.428571428572
2021-11-28,7396,7880.571428571428
2021-11-29,8753,8026.285714285715
2021-11-30,8928,8182.0
2021-12-01,8259,8246.0
2021-12-02,7536,8365.57142857143
2021-12-03,9656,8484.714285714286
2021-12-04,8746,8467.714285714286
2021-12-05,8320,8599.714285714286
2021-12-06,9224,8667.0
2021-12-07,9991,8818.857142857143
2021-12-08,8388,8837.285714285714
2021-12-09,9436,9108.714285714286
2021-12-10,10538,9234.714285714286
2021-12-11,8195,9156.0
2021-12-12,8757,9218.42857142857
2021-12-13,8830,9162.142857142857
2021-12-14,9298,9063.142857142857
2021-12-15,9376,9204.285714285714
2021-12-16,9908,9271.714285714286
2021-12-17,9137,9071.57142857143
2021-12-18,9425,9247.285714285714
2021-12-19,10298,9467.42857142857
2021-12-20,10317,9679.857142857143
2021-12-21,11031,9927.42857142857
2021-12-22,10802,10131.142857142857
2021-12-23,11237,10321.0
2021-12-24,9853,10423.285714285714
2021-12-25,10611,10592.714285714286
2021-12-26,12549,10914.285714285714
2021-12-27,11540,11089.0
2021-12-28,11981,11224.714285714286
2021-12-29,11762,11361.857142857143
2021-12-30,12045,11477.285714285714
2021-12-31,11684,11738.857142857143
2022-01-01,14892,12350.42857142857
2022-01-02,11885,12255.57142857143
2022-01-03,12340,12369.857142857143
2022-01-04,10600,12172.57142857143
2022-01-05,13597,12434.714285714286
2022-01-06,12442,12491.42857142857
2022-01-07,13009,12680.714285714286
2022-01-08,12809,12383.142857142857
2022-01-09,13296,12584.714285714286
2022-01-10,13355,12729.714285714286
2022-01-11,13724,13176.0
2022-01-12,13892,13218.142857142857
2022-01-13,13987,13438.857142857143
2022-01-14,14153,13602.285714285714
2022-01-15,15510,13988.142857142857
2022-01-16,15344,14280.714285714286
2022-01-17,15524,14590.57142857143
2022-01-18,14403,14687.57142857143
2022-01-19,16168,15012.714285714286
2022-01-20,16241,15334.714285714286
2022-01-21,15065,15465.0
2022-01-22,16898,15663.285714285714
2022-01-23,15302,15657.285714285714
2022-01-24,14543,15517.142857142857
2022-01-25,17064,15897.285714285714
2022-01-26,16252,15909.285714285714
2022-01-27,17292,16059.42857142857
2022-01-28,16067,16202.57142857143
2022-01-29,15820,16048.57142857143
2022-01-30,17971,16429.85714285714
2022-01-31,16013,16639.85714285714
2022-02-01,16041,16493.714285714286
2022-02-02,15897,16443.0
2022-02-03,15347,16165.142857142857
2022-02-04,16894,16283.285714285714
2022-02-05,16129,16327.42857142857
2022-02-06,17972,16327.57142857143
2022-02-07,16343,16374.714285714286
2022-02-08,17386,16566.85714285714
2022-02-09,20252,17189.0
2022-02-10,18784,17680.0
2022-02-11,18668,17933.428571428572
2022-02-12,17442,18121.0
2022-02-13,18652,18218.14285714286
2022-02-14,18992,18596.571428571428
2022-02-15,17770,18651.428571428572
2022-02-16,19252,18508.571428571428
2022-02-17,20196,18710.285714285714
2022-02-18,19052,18765.14285714286
2022-02-19,19255,19024.14285714286
2022-02-20,17858,18910.714285714286
2022-02-21,18445,18832.571428571428
2022-02-22,20479,19219.571428571428
2022-02-23,19167,19207.428571428572
2022-02-24,19011,19038.14285714286
2022-02-25,19254,19067.0
2022-02-26,19810,19146.285714285714
2022-02-27,18972,19305.428571428572
2022-02-28,20038,19533.0
2022-03-01,18881,19304.714285714286
2022-03-02,20615,19511.571428571428
2022-03-03,19172,19534.571428571428
2022-03-04,21090,19796.85714285714
2022-03-05,20037,19829.285714285714
2022-03-06,19374,19886.714285714286
2022-03-07,20780,19992.714285714286
2022-03-08,18946,20002.0
2022-03-09,19597,19856.571428571428
2022-03-10,20018,19977.428571428572
2022-03-11,19900,19807.428571428572
2022-03-12,18363,19568.285714285714
2022-03-13,19201,19543.571428571428
2022-03-14,20034,19437.0
2022-03-15,18800,19416.14285714286
2022-03-16,20821,19591.0
2022-03-17,20150,19609.85714285714
2022-03-18,19284,19521.85714285714
2022-03-19,19454,19677.714285714286
2022-03-20,21051,19942.0
2022-03-21,20236,19970.85714285714
2022-03-22,19712,20101.14285714286
2022-03-23,18190,19725.285714285714
2022-03-24,20537,19780.571428571428
2022-03-25,19981,19880.14285714286
2022-03-26,18921,19804.0
2022-03-27,18497,19439.14285714286
2022-03-28,18678,19216.571428571428
2022-03-29,17753,18936.714285714286
2022-03-30,18221,18941.14285714286
2022-03-31,19086,18733.85714285714
2022-04-01,16904,18294.285714285714
2022-04-02,17969,18158.285714285714
2022-04-03,18177,18112.571428571428
2022-04-04,18030,18020.0
2022-04-05,16862,17892.714285714286
2022-04-06,16714,17677.428571428572
2022-04-07,18381,17576.714285714286
2022-04-08,16377,17501.428571428572
2022-04-09,18008,17507.0
2022-04-10,16655,17289.571428571428
2022-04-11,17742,17248.428571428572
2022-04-12,16375,17178.85714285714
2022-04-13,15610,17021.14285714286
2022-04-14,17057,16832.0
2022-04-15,16183,16804.285714285714
2022-04-16,17179,16685.85714285714
2022-04-17,16554,16671.428571428572
2022-04-18,15475,16347.57142857143
2022-04-19,15115,16167.57142857143
2022-04-20,15307,16124.285714285714
2022-04-21,15253,15866.57142857143
2022-04-22,14205,15584.0
2022-04-23,15393,15328.857142857143
2022-04-24,14208,14993.714285714286
2022-04-25,13993,14782.0
2022-04-26,13703,14580.285714285714
2022-04-27,14123,14411.142857142857
2022-04-28,13187,14116.0
2022-04-29,13649,14036.57142857143
2022-04-30,15555,14059.714285714286
2022-05-01,13098,13901.142857142857
2022-05-02,12593,13701.142857142857
2022-05-03,11404,13372.714285714286
2022-05-04,12576,13151.714285714286
2022-05-05,11447,12903.142857142857
2022-05-06,11831,12643.42857142857
2022-05-07,12051,12142.857142857143
2022-05-08,10343,11749.285714285714
2022-05-09,11651,11614.714285714286
2022-05-10,11567,11638.0
2022-05-11,10085,11282.142857142857
2022-05-12,10608,11162.285714285714
2022-05-13,9258,10794.714285714286
2022-05-14,11783,10756.42857142857
2022-05-15,10589,10791.57142857143
2022-05-16,9983,10553.285714285714
2022-05-17,9800,10300.857142857143
2022-05-18,10640,10380.142857142857
2022-05-19,9466,10217.0
2022-05-20,9613,10267.714285714286
2022-05-21,10372,10066.142857142857
2022-05-22,8690,9794.857142857143
2022-05-23,7904,9497.857142857143
2022-05-24,7932,9231.0
2022-05-25,9549,9075.142857142857
2022-05-26,8295,8907.857142857143
2022-05-27,7638,8625.714285714286
2022-05-28,8639,8378.142857142857
2022-05-29,8481,8348.285714285714
2022-05-30,7126,8237.142857142857
2022-05-31,6554,8040.285714285715
2022-06-01,5903,7519.428571428572
2022-06-02,5555,7128.0
2022-06-03,6610,6981.142857142857
2022-06-04,5942,6595.857142857143
2022-06-05,7980,6524.285714285715
2022-06-06,6378,6417.428571428572
2022-06-07,4619,6141.0
2022-06-08,7151,6319.285714285715
2022-06-09,5991,6381.571428571428
2022-06-10,6274,6333.571428571428
2022-06-11,6106,6357.0
2022-06-12,5651,6024.285714285715
2022-06-13,5687,5925.571428571428
2022-06-14,5317,6025.285714285715
2022-06-15,4102,5589.714285714285
2022-06-16,5143,5468.571428571428
2022-06-17,5534,5362.857142857143
2022-06-18,4414,5121.142857142857
2022-06-19,4893,5012.857142857143
2022-06-20,4661,4866.285714285715
2022-06-21,5652,4914.142857142857
2022-06-22,3875,4881.714285714285
2022-06-23,3724,4679.0
2022-06-24,3746,4423.571428571428
2022-06-25,3643,4313.428571428572
2022-06-26,1794,3870.714285714286
2022-06-27,2988,3631.714285714286
2022-06-28,3634,3343.4285714285716
2022-06-29,3282,3258.714285714286
2022-06-30,2547,3090.5714285714284
2022-07-01,2554,2920.285714285714
2022-07-02,2703,2786.0
2022-07-03,2250,2851.1428571428573
2022-07-04,2387,2765.285714285714
2022-07-05,2275,2571.1428571428573
2022-07-06,3333,2578.4285714285716
2022-07-07,3343,2692.1428571428573
2022-07-08,3192,2783.285714285714
2022-07-09,2704,2783.4285714285716
2022-07-10,1716,2707.1428571428573
2022-07-11,2972,2790.714285714286
2022-07-12,1877,2733.8571428571427
2022-07-13,2073,2553.8571428571427
2022-07-14,3053,2512.4285714285716
2022-07-15,1979,2339.1428571428573
2022-07-16,2042,2244.5714285714284
2022-07-17,648,2092.0
2022-07-18,2103,1967.857142857143
2022-07-19,867,1823.5714285714287
2022-07-20,2400,1870.2857142857142
2022-07-21,1384,1631.857142857143
2022-07-22,0,1349.142857142857
2022-07-23,1133,1219.2857142857142
2022-07-24,1184,1295.857142857143
2022-07-25,1702,1238.5714285714287
2022-07-26,1800,1371.857142857143
2022-07-27,953,1165.142857142857
2022-07-28,1978,1250.0
2022-07-29,0,1250.0
2022-07-30,507,1160.5714285714287
2022-07-31,145,1012.1428571428571
2022-08-01,0,769.0
2022-08-02,1722,757.8571428571429
2022-08-03,1579,847.2857142857143
2022-08-04,258,601.5714285714286
2022-08-05,1785,856.5714285714286
2022-08-06,889,911.1428571428571
2022-08-07,437,952.8571428571429
2022-08-08,187,979.5714285714286
2022-08-09,88,746.1428571428571
2022-08-10,1059,671.8571428571429
2022-08-11,1172,802.4285714285714
2022-08-12,814,663.7142857142857
2022-08-13,0,536.7142857142857
2022-08-14,808,589.7142857142857
2022-08-15,998,705.5714285714286
2022-08-16,0,693.0
2022-08-17,533,617.8571428571429
2022-08-18,0,450.42857142857144
2022-08-19,0,334.14285714285717
2022-08-20,176,359.2857142857143
2022-08-21,167,267.7142857142857
2022-08-22,678,222.0
2022-08-23,0,222.0
2022-08-24,88,158.42857142857142
2022-08-25,0,158.42857142857142
2022-08-26,750,265.57142857142856
2022-08-27,1449,447.42857142857144
2022-08-28,1675,662.8571428571429
2022-08-29,0,566.0
2022-08-30,232,599.1428571428571
2022-08-31,0,586.5714285714286
2022-09-01,193,614.1428571428571
2022-09-02,571,588.5714285714286
2022-09-03,287,422.57142857142856
2022-09-04,172,207.85714285714286
2022-09-05,1387,406.0
2022-09-06,767,482.42857142857144
2022-09-07,0,482.42857142857144
2022-09-08,191,482.14285714285717
2022-09-09,860,523.4285714285714
2022-09-10,643,574.2857142857143
2022-09-11,0,549.7142857142857
2022-09-12,0,351.57142857142856
2022-09-13,0,242.0
2022-09-14,242,276.57142857142856
2022-09-15,0,249.28571428571428
2022-09-16,0,126.42857142857143
2022-09-17,0,34.57142857142857
2022-09-18,901,163.28571428571428
2022-09-19,0,163.28571428571428
2022-09-20,0,163.28571428571428
2022-09-21,0,128.71428571428572
2022-09-22,589,212.85714285714286
2022-09-23,933,346.14285714285717
2022-09-24,0,346.14285714285717
2022-09-25,445,281.0
2022-09-26,0,281.0
2022-09-27,0,281.0
2022-09-28,512,354.14285714285717
2022-09-29,629,359.85714285714283
2022-09-30,0,226.57142857142858
2022-10-01,429,287.85714285714283
2022-10-02,0,224.28571428571428
2022-10-03,0,224.28571428571428
2022-10-04,0,224.28571428571428
2022-10-05,0,151.14285714285714
2022-10-06,0,61.285714285714285
2022-10-07,477,129.42857142857142
2022-10-08,475,136.0
2022-10-09,0,136.0
2022-10-10,329,183.0
2022-10-11,236,216.71428571428572
2022-10-12,0,216.71428571428572
2022-10-13,1750,466.7142857142857
2022-10-14,0,398.57142857142856
2022-10-15,32,335.2857142857143
2022-10-16,0,335.2857142857143
2022-10-17,0,288.2857142857143
2022-10-18,145,275.2857142857143
2022-10-19,0,275.2857142857143
2022-10-20,0,25.285714285714285
2022-10-21,114,41.57142857142857
2022-10-22,959,174.0
2022-10-23,767,283.57142857142856
2022-10-24,174,308.42857142857144
2022-10-25,0,287.7142857142857
2022-10-26,159,310.42857142857144
2022-10-27,877,435.7142857142857
2022-10-28,962,556.8571428571429
2022-10-29,296,462.14285714285717
2022-10-30,0,352.57142857142856
2022-10-31,0,327.7142857142857
2022-11-01,624,416.85714285714283
2022-11-02,555,473.42857142857144
2022-11-03,0,348.14285714285717
2022-11-04,532,286.7142857142857
2022-11-05,574,326.42857142857144
2022-11-06,0,326.42857142857144
2022-11-07,0,326.42857142857144
2022-11-08,0,237.28571428571428
2022-11-09,0,158.0
2022-11-10,0,158.0
2022-11-11,254,118.28571428571429
2022-11-12,0,36.285714285714285
2022-11-13,0,36.285714285714285
2022-11-14,0,36.285714285714285
2022-11-15,206,65.71428571428571
2022-11-16,0,65.71428571428571
2022-11-17,198,94.0
2022-11-18,314,102.57142857142857
2022-11-19,664,197.42857142857142
2022-11-20,1576,422.57142857142856
2022-11-21,0,422.57142857142856
2022-11-22,257,429.85714285714283
2022-11-23,0,429.85714285714283
2022-11-24,0,401.57142857142856
2022-11-25,674,453.0
2022-11-26,1067,510.57142857142856
2022-11-27,0,285.42857142857144
2022-11-28,169,309.57142857142856
2022-11-29,0,272.85714285714283
2022-11-30,348,322.57142857142856
2022-12-01,705,423.2857142857143
2022-12-02,276,366.42857142857144
2022-12-03,277,253.57142857142858
2022-12-04,1008,397.57142857142856
2022-12-05,0,373.42857142857144
2022-12-06,739,479.0
2022-12-07,0,429.2857142857143
2022-12-08,1286,512.2857142857143
2022-12-09,590,557.1428571428571
2022-12-10,0,517.5714285714286
2022-12-11,0,373.57142857142856
2022-12-12,0,373.57142857142856
2022-12-13,0,268.0
2022-12-14,240,302.2857142857143
2022-12-15,1161,284.42857142857144
2022-12-16,128,218.42857142857142
2022-12-17,0,218.42857142857142
2022-12-18,273,257.42857142857144
2022-12-19,228,290.0
2022-12-20,0,290.0
2022-12-21,192,283.14285714285717
2022-12-22,496,188.14285714285714
2022-12-23,0,169.85714285714286
2022-12-24,782,281.57142857142856
2022-12-25,0,242.57142857142858
2022-12-26,613,297.57142857142856
2022-12-27,1818,557.2857142857143
2022-12-28,0,529.8571428571429
2022-12-29,0,459.0
2022-12-30,0,459.0
2022-12-31,0,347.2857142857143
